[array([0., 0., 0., 0.])]:[array([4.0000e+01, 1.4795e+04, 7.6781e+04, 8.6530e+03])]:[array([1.0000e+00, 1.1020e+04, 3.1840e+03, 2.2108e+04])]:[array([    0., 10783.,  2747., 10842.])]:[array([   0., 1111.,  254., 1017.])]:[array([    0.,  9144.,  2402., 11495.])]:[array([   0., 9585., 5093., 8727.])]:[array([   0., 3314.,  841., 4748.])]:[array([2.0000e+00, 3.4317e+04, 1.7048e+04, 9.4140e+03])]:
[array([0., 0., 0., 0.])]:[array([14795., 76781.,  8653., 20386.])]:[array([11020.,  3184., 22108.,  4545.])]:[array([10783.,  2747., 10842.,  5910.])]:[array([1111.,  254., 1017., 1761.])]:[array([ 9144.,  2402., 11495.,  1963.])]:[array([9585., 5093., 8727., 8515.])]:[array([3314.,  841., 4748., 2190.])]:[array([34317., 17048.,  9414., 18525.])]:
[array([0., 0., 0., 0.])]:[array([76781.,  8653., 20386., 32381.])]:[array([ 3184., 22108.,  4545., 23180.])]:[array([ 2747., 10842.,  5910., 21920.])]:[array([ 254., 1017., 1761., 1277.])]:[array([ 2402., 11495.,  1963., 66521.])]:[array([ 5093.,  8727.,  8515., 11478.])]:[array([ 841., 4748., 2190., 4107.])]:[array([17048.,  9414., 18525., 19758.])]:
[array([ 0.,  0.,  0., 57.])]:[array([ 8653., 20386., 32381., 32381.])]:[array([22108.,  4545., 23180., 23180.])]:[array([10842.,  5910., 21920., 21920.])]:[array([1017., 1761., 1277., 1277.])]:[array([11495.,  1963., 66521., 66521.])]:[array([ 8727.,  8515., 11478., 11478.])]:[array([4748., 2190., 4107., 4107.])]:[array([ 9414., 18525., 19758., 19758.])]:
[array([ 0.,  0., 57.,  0.])]:[array([ 20386.,  32381.,  32381., 284225.])]:[array([ 4545., 23180., 23180., 12935.])]:[array([ 5910., 21920., 21920.,  3720.])]:[array([1761., 1277., 1277., 1395.])]:[array([ 1963., 66521., 66521.,  4726.])]:[array([ 8515., 11478., 11478.,  5862.])]:[array([2190., 4107., 4107., 3083.])]:[array([ 18525.,  19758.,  19758., 144626.])]:
[array([ 0., 57.,  0.,  0.])]:[array([ 32381.,  32381., 284225.,   2288.])]:[array([23180., 23180., 12935., 16890.])]:[array([21920., 21920.,  3720.,  7040.])]:[array([1277., 1277., 1395.,  375.])]:[array([66521., 66521.,  4726., 15519.])]:[array([11478., 11478.,  5862.,  3168.])]:[array([4107., 4107., 3083., 1188.])]:[array([ 19758.,  19758., 144626.,  13201.])]:
[array([57.,  0.,  0., 55.])]:[array([ 32381., 284225.,   2288.,   2288.])]:[array([23180., 12935., 16890., 16890.])]:[array([21920.,  3720.,  7040.,  7040.])]:[array([1277., 1395.,  375.,  375.])]:[array([66521.,  4726., 15519., 15519.])]:[array([11478.,  5862.,  3168.,  3168.])]:[array([4107., 3083., 1188., 1188.])]:[array([ 19758., 144626.,  13201.,  13201.])]:
[array([ 0.,  0., 55.,  0.])]:[array([284225.,   2288.,   2288., 128570.])]:[array([12935., 16890., 16890., 15470.])]:[array([3720., 7040., 7040., 4187.])]:[array([1395.,  375.,  375.,  567.])]:[array([ 4726., 15519., 15519.,  7459.])]:[array([5862., 3168., 3168., 6031.])]:[array([3083., 1188., 1188., 1668.])]:[array([144626.,  13201.,  13201.,  98453.])]:
[array([ 0., 55.,  0.,  0.])]:[array([  2288.,   2288., 128570., 112085.])]:[array([16890., 16890., 15470.,  3123.])]:[array([7040., 7040., 4187., 2050.])]:[array([375., 375., 567., 458.])]:[array([15519., 15519.,  7459.,  4176.])]:[array([3168., 3168., 6031., 2760.])]:[array([1188., 1188., 1668., 1285.])]:[array([13201., 13201., 98453., 14901.])]:
[array([55.,  0.,  0.,  0.])]:[array([  2288., 128570., 112085.,  97533.])]:[array([16890., 15470.,  3123.,  5704.])]:[array([7040., 4187., 2050., 8894.])]:[array([ 375.,  567.,  458., 1527.])]:[array([15519.,  7459.,  4176.,  2273.])]:[array([ 3168.,  6031.,  2760., 17223.])]:[array([1188., 1668., 1285., 3565.])]:[array([13201., 98453., 14901., 32952.])]:
[array([ 0.,  0.,  0., 77.])]:[array([128570., 112085.,  97533.,  97533.])]:[array([15470.,  3123.,  5704.,  5704.])]:[array([4187., 2050., 8894., 8894.])]:[array([ 567.,  458., 1527., 1527.])]:[array([7459., 4176., 2273., 2273.])]:[array([ 6031.,  2760., 17223., 17223.])]:[array([1668., 1285., 3565., 3565.])]:[array([98453., 14901., 32952., 32952.])]:
[array([ 0.,  0., 77., 89.])]:[array([112085.,  97533.,  97533.,  97533.])]:[array([3123., 5704., 5704., 5704.])]:[array([2050., 8894., 8894., 8894.])]:[array([ 458., 1527., 1527., 1527.])]:[array([4176., 2273., 2273., 2273.])]:[array([ 2760., 17223., 17223., 17223.])]:[array([1285., 3565., 3565., 3565.])]:[array([14901., 32952., 32952., 32952.])]:
[array([ 0., 77., 89.,  0.])]:[array([ 97533.,  97533.,  97533., 199677.])]:[array([5704., 5704., 5704., 9057.])]:[array([8894., 8894., 8894., 4468.])]:[array([1527., 1527., 1527.,  233.])]:[array([2273., 2273., 2273., 8291.])]:[array([17223., 17223., 17223.,  1328.])]:[array([3565., 3565., 3565., 3131.])]:[array([32952., 32952., 32952., 95832.])]:
[array([77., 89.,  0.,  0.])]:[array([ 97533.,  97533., 199677.,  14045.])]:[array([5704., 5704., 9057., 4826.])]:[array([8894., 8894., 4468., 3792.])]:[array([1527., 1527.,  233.,  984.])]:[array([2273., 2273., 8291.,  530.])]:[array([17223., 17223.,  1328.,  8406.])]:[array([3565., 3565., 3131., 2008.])]:[array([32952., 32952., 95832.,  9254.])]:
[array([89.,  0.,  0., 72.])]:[array([ 97533., 199677.,  14045.,  14045.])]:[array([5704., 9057., 4826., 4826.])]:[array([8894., 4468., 3792., 3792.])]:[array([1527.,  233.,  984.,  984.])]:[array([2273., 8291.,  530.,  530.])]:[array([17223.,  1328.,  8406.,  8406.])]:[array([3565., 3131., 2008., 2008.])]:[array([32952., 95832.,  9254.,  9254.])]:
[array([ 0.,  0., 72.,  0.])]:[array([199677.,  14045.,  14045., 160450.])]:[array([ 9057.,  4826.,  4826., 27256.])]:[array([ 4468.,  3792.,  3792., 14293.])]:[array([ 233.,  984.,  984., 2989.])]:[array([8291.,  530.,  530., 4953.])]:[array([ 1328.,  8406.,  8406., 14153.])]:[array([3131., 2008., 2008., 4386.])]:[array([ 95832.,   9254.,   9254., 150359.])]:
[array([ 0., 72.,  0., 73.])]:[array([ 14045.,  14045., 160450., 160450.])]:[array([ 4826.,  4826., 27256., 27256.])]:[array([ 3792.,  3792., 14293., 14293.])]:[array([ 984.,  984., 2989., 2989.])]:[array([ 530.,  530., 4953., 4953.])]:[array([ 8406.,  8406., 14153., 14153.])]:[array([2008., 2008., 4386., 4386.])]:[array([  9254.,   9254., 150359., 150359.])]:
[array([72.,  0., 73.,  0.])]:[array([ 14045., 160450., 160450., 317467.])]:[array([ 4826., 27256., 27256.,  2122.])]:[array([ 3792., 14293., 14293.,  3195.])]:[array([ 984., 2989., 2989.,  341.])]:[array([  530.,  4953.,  4953., 24459.])]:[array([ 8406., 14153., 14153.,  2400.])]:[array([2008., 4386., 4386., 1011.])]:[array([  9254., 150359., 150359.,  15758.])]:
[array([ 0., 73.,  0., 73.])]:[array([160450., 160450., 317467., 317467.])]:[array([27256., 27256.,  2122.,  2122.])]:[array([14293., 14293.,  3195.,  3195.])]:[array([2989., 2989.,  341.,  341.])]:[array([ 4953.,  4953., 24459., 24459.])]:[array([14153., 14153.,  2400.,  2400.])]:[array([4386., 4386., 1011., 1011.])]:[array([150359., 150359.,  15758.,  15758.])]:
[array([73.,  0., 73., 78.])]:[array([160450., 317467., 317467., 317467.])]:[array([27256.,  2122.,  2122.,  2122.])]:[array([14293.,  3195.,  3195.,  3195.])]:[array([2989.,  341.,  341.,  341.])]:[array([ 4953., 24459., 24459., 24459.])]:[array([14153.,  2400.,  2400.,  2400.])]:[array([4386., 1011., 1011., 1011.])]:[array([150359.,  15758.,  15758.,  15758.])]:
[array([ 0., 73., 78.,  0.])]:[array([317467., 317467., 317467.,  66982.])]:[array([2122., 2122., 2122., 5345.])]:[array([3195., 3195., 3195., 1822.])]:[array([341., 341., 341., 206.])]:[array([24459., 24459., 24459.,  2508.])]:[array([2400., 2400., 2400., 1148.])]:[array([1011., 1011., 1011.,  342.])]:[array([15758., 15758., 15758., 21138.])]:
[array([73., 78.,  0.,  0.])]:[array([317467., 317467.,  66982.,  26948.])]:[array([ 2122.,  2122.,  5345., 23327.])]:[array([ 3195.,  3195.,  1822., 12614.])]:[array([ 341.,  341.,  206., 3672.])]:[array([24459., 24459.,  2508., 17217.])]:[array([ 2400.,  2400.,  1148., 26519.])]:[array([1011., 1011.,  342., 6180.])]:[array([15758., 15758., 21138., 22055.])]:
[array([78.,  0.,  0.,  0.])]:[array([317467.,  66982.,  26948.,  18777.])]:[array([ 2122.,  5345., 23327., 18796.])]:[array([ 3195.,  1822., 12614., 12413.])]:[array([ 341.,  206., 3672., 4104.])]:[array([24459.,  2508., 17217.,  3406.])]:[array([ 2400.,  1148., 26519.,  8466.])]:[array([1011.,  342., 6180., 6199.])]:[array([15758., 21138., 22055., 41193.])]:
[array([ 0.,  0.,  0., 71.])]:[array([66982., 26948., 18777., 18777.])]:[array([ 5345., 23327., 18796., 18796.])]:[array([ 1822., 12614., 12413., 12413.])]:[array([ 206., 3672., 4104., 4104.])]:[array([ 2508., 17217.,  3406.,  3406.])]:[array([ 1148., 26519.,  8466.,  8466.])]:[array([ 342., 6180., 6199., 6199.])]:[array([21138., 22055., 41193., 41193.])]:
[array([ 0.,  0., 71., 73.])]:[array([26948., 18777., 18777., 18777.])]:[array([23327., 18796., 18796., 18796.])]:[array([12614., 12413., 12413., 12413.])]:[array([3672., 4104., 4104., 4104.])]:[array([17217.,  3406.,  3406.,  3406.])]:[array([26519.,  8466.,  8466.,  8466.])]:[array([6180., 6199., 6199., 6199.])]:[array([22055., 41193., 41193., 41193.])]:
[array([ 0., 71., 73.,  0.])]:[array([18777., 18777., 18777., 34069.])]:[array([18796., 18796., 18796.,  7290.])]:[array([12413., 12413., 12413.,  2679.])]:[array([4104., 4104., 4104.,  409.])]:[array([3406., 3406., 3406., 2641.])]:[array([8466., 8466., 8466., 5343.])]:[array([6199., 6199., 6199.,  915.])]:[array([41193., 41193., 41193.,  3279.])]:
[array([71., 73.,  0., 47.])]:[array([18777., 18777., 34069., 34069.])]:[array([18796., 18796.,  7290.,  7290.])]:[array([12413., 12413.,  2679.,  2679.])]:[array([4104., 4104.,  409.,  409.])]:[array([3406., 3406., 2641., 2641.])]:[array([8466., 8466., 5343., 5343.])]:[array([6199., 6199.,  915.,  915.])]:[array([41193., 41193.,  3279.,  3279.])]:
[array([73.,  0., 47.,  0.])]:[array([ 18777.,  34069.,  34069., 143478.])]:[array([18796.,  7290.,  7290.,  4076.])]:[array([12413.,  2679.,  2679.,  3436.])]:[array([4104.,  409.,  409.,  534.])]:[array([3406., 2641., 2641., 2162.])]:[array([8466., 5343., 5343., 3211.])]:[array([6199.,  915.,  915., 1309.])]:[array([41193.,  3279.,  3279., 21078.])]:
[array([ 0., 47.,  0., 68.])]:[array([ 34069.,  34069., 143478., 143478.])]:[array([7290., 7290., 4076., 4076.])]:[array([2679., 2679., 3436., 3436.])]:[array([409., 409., 534., 534.])]:[array([2641., 2641., 2162., 2162.])]:[array([5343., 5343., 3211., 3211.])]:[array([ 915.,  915., 1309., 1309.])]:[array([ 3279.,  3279., 21078., 21078.])]:
[array([47.,  0., 68.,  0.])]:[array([ 34069., 143478., 143478.,  69228.])]:[array([7290., 4076., 4076., 3187.])]:[array([2679., 3436., 3436., 3958.])]:[array([409., 534., 534., 701.])]:[array([2641., 2162., 2162., 7488.])]:[array([5343., 3211., 3211., 2023.])]:[array([ 915., 1309., 1309., 1084.])]:[array([ 3279., 21078., 21078., 29781.])]:
[array([ 0., 68.,  0., 79.])]:[array([143478., 143478.,  69228.,  69228.])]:[array([4076., 4076., 3187., 3187.])]:[array([3436., 3436., 3958., 3958.])]:[array([534., 534., 701., 701.])]:[array([2162., 2162., 7488., 7488.])]:[array([3211., 3211., 2023., 2023.])]:[array([1309., 1309., 1084., 1084.])]:[array([21078., 21078., 29781., 29781.])]:
[array([68.,  0., 79.,  0.])]:[array([143478.,  69228.,  69228., 303459.])]:[array([4076., 3187., 3187., 1819.])]:[array([3436., 3958., 3958., 6910.])]:[array([534., 701., 701., 504.])]:[array([ 2162.,  7488.,  7488., 19765.])]:[array([3211., 2023., 2023., 4525.])]:[array([1309., 1084., 1084.,  551.])]:[array([21078., 29781., 29781., 81074.])]:
[array([ 0., 79.,  0.,  0.])]:[array([ 69228.,  69228., 303459.,   7643.])]:[array([ 3187.,  3187.,  1819., 28168.])]:[array([3958., 3958., 6910., 6857.])]:[array([ 701.,  701.,  504., 1721.])]:[array([ 7488.,  7488., 19765.,  7640.])]:[array([ 2023.,  2023.,  4525., 32708.])]:[array([1084., 1084.,  551., 7871.])]:[array([29781., 29781., 81074., 42986.])]:
[array([79.,  0.,  0.,  0.])]:[array([ 69228., 303459.,   7643., 178284.])]:[array([ 3187.,  1819., 28168.,  8971.])]:[array([ 3958.,  6910.,  6857., 10545.])]:[array([ 701.,  504., 1721., 2904.])]:[array([ 7488., 19765.,  7640.,  4376.])]:[array([ 2023.,  4525., 32708., 11649.])]:[array([1084.,  551., 7871., 7367.])]:[array([29781., 81074., 42986., 66503.])]:
[array([0., 0., 0., 0.])]:[array([303459.,   7643., 178284.,  94285.])]:[array([ 1819., 28168.,  8971.,  7109.])]:[array([ 6910.,  6857., 10545.,  2044.])]:[array([ 504., 1721., 2904.,  499.])]:[array([19765.,  7640.,  4376.,  6422.])]:[array([ 4525., 32708., 11649.,  2485.])]:[array([ 551., 7871., 7367., 1546.])]:[array([81074., 42986., 66503., 33306.])]:
[array([0., 0., 0., 0.])]:[array([  7643., 178284.,  94285., 343969.])]:[array([28168.,  8971.,  7109., 13440.])]:[array([ 6857., 10545.,  2044.,  6856.])]:[array([1721., 2904.,  499., 2326.])]:[array([ 7640.,  4376.,  6422., 13006.])]:[array([32708., 11649.,  2485.,  9142.])]:[array([7871., 7367., 1546., 2961.])]:[array([42986., 66503., 33306., 61025.])]:
[array([0., 0., 0., 0.])]:[array([178284.,  94285., 343969.,  30402.])]:[array([ 8971.,  7109., 13440., 34485.])]:[array([10545.,  2044.,  6856., 13550.])]:[array([2904.,  499., 2326., 2898.])]:[array([ 4376.,  6422., 13006., 35831.])]:[array([11649.,  2485.,  9142., 17333.])]:[array([7367., 1546., 2961., 5432.])]:[array([66503., 33306., 61025., 38264.])]:
[array([0., 0., 0., 0.])]:[array([ 94285., 343969.,  30402.,  17478.])]:[array([ 7109., 13440., 34485.,  1811.])]:[array([ 2044.,  6856., 13550.,  5438.])]:[array([ 499., 2326., 2898., 3407.])]:[array([ 6422., 13006., 35831.,  4365.])]:[array([ 2485.,  9142., 17333., 10030.])]:[array([1546., 2961., 5432., 1963.])]:[array([33306., 61025., 38264., 36316.])]:
[array([ 0.,  0.,  0., 60.])]:[array([343969.,  30402.,  17478.,  17478.])]:[array([13440., 34485.,  1811.,  1811.])]:[array([ 6856., 13550.,  5438.,  5438.])]:[array([2326., 2898., 3407., 3407.])]:[array([13006., 35831.,  4365.,  4365.])]:[array([ 9142., 17333., 10030., 10030.])]:[array([2961., 5432., 1963., 1963.])]:[array([61025., 38264., 36316., 36316.])]:
[array([ 0.,  0., 60.,  0.])]:[array([ 30402.,  17478.,  17478., 164056.])]:[array([34485.,  1811.,  1811.,  5595.])]:[array([13550.,  5438.,  5438.,  2445.])]:[array([2898., 3407., 3407., 1010.])]:[array([35831.,  4365.,  4365.,  3954.])]:[array([17333., 10030., 10030.,  5987.])]:[array([5432., 1963., 1963.,  463.])]:[array([38264., 36316., 36316.,  8262.])]:
[array([ 0., 60.,  0., 85.])]:[array([ 17478.,  17478., 164056., 164056.])]:[array([1811., 1811., 5595., 5595.])]:[array([5438., 5438., 2445., 2445.])]:[array([3407., 3407., 1010., 1010.])]:[array([4365., 4365., 3954., 3954.])]:[array([10030., 10030.,  5987.,  5987.])]:[array([1963., 1963.,  463.,  463.])]:[array([36316., 36316.,  8262.,  8262.])]:
[array([60.,  0., 85.,  0.])]:[array([ 17478., 164056., 164056., 383307.])]:[array([ 1811.,  5595.,  5595., 78775.])]:[array([ 5438.,  2445.,  2445., 22815.])]:[array([3407., 1010., 1010., 2709.])]:[array([ 4365.,  3954.,  3954., 45954.])]:[array([10030.,  5987.,  5987., 43450.])]:[array([1963.,  463.,  463., 3722.])]:[array([ 36316.,   8262.,   8262., 259650.])]:
[array([ 0., 85.,  0., 84.])]:[array([164056., 164056., 383307., 383307.])]:[array([ 5595.,  5595., 78775., 78775.])]:[array([ 2445.,  2445., 22815., 22815.])]:[array([1010., 1010., 2709., 2709.])]:[array([ 3954.,  3954., 45954., 45954.])]:[array([ 5987.,  5987., 43450., 43450.])]:[array([ 463.,  463., 3722., 3722.])]:[array([  8262.,   8262., 259650., 259650.])]:
[array([85.,  0., 84.,  0.])]:[array([164056., 383307., 383307., 261389.])]:[array([ 5595., 78775., 78775.,  4626.])]:[array([ 2445., 22815., 22815.,  1229.])]:[array([1010., 2709., 2709.,  222.])]:[array([ 3954., 45954., 45954.,  2961.])]:[array([ 5987., 43450., 43450.,  1437.])]:[array([ 463., 3722., 3722.,  317.])]:[array([  8262., 259650., 259650.,  17508.])]:
[array([ 0., 84.,  0., 66.])]:[array([383307., 383307., 261389., 261389.])]:[array([78775., 78775.,  4626.,  4626.])]:[array([22815., 22815.,  1229.,  1229.])]:[array([2709., 2709.,  222.,  222.])]:[array([45954., 45954.,  2961.,  2961.])]:[array([43450., 43450.,  1437.,  1437.])]:[array([3722., 3722.,  317.,  317.])]:[array([259650., 259650.,  17508.,  17508.])]:
[array([84.,  0., 66.,  0.])]:[array([383307., 261389., 261389., 590610.])]:[array([78775.,  4626.,  4626., 42465.])]:[array([22815.,  1229.,  1229.,  8718.])]:[array([2709.,  222.,  222., 9769.])]:[array([45954.,  2961.,  2961., 12228.])]:[array([43450.,  1437.,  1437., 10715.])]:[array([ 3722.,   317.,   317., 24355.])]:[array([259650.,  17508.,  17508.,  64534.])]:
[array([ 0., 66.,  0., 34.])]:[array([261389., 261389., 590610., 590610.])]:[array([ 4626.,  4626., 42465., 42465.])]:[array([1229., 1229., 8718., 8718.])]:[array([ 222.,  222., 9769., 9769.])]:[array([ 2961.,  2961., 12228., 12228.])]:[array([ 1437.,  1437., 10715., 10715.])]:[array([  317.,   317., 24355., 24355.])]:[array([17508., 17508., 64534., 64534.])]:
[array([66.,  0., 34.,  0.])]:[array([261389., 590610., 590610.,  59676.])]:[array([ 4626., 42465., 42465.,  5854.])]:[array([1229., 8718., 8718., 5903.])]:[array([ 222., 9769., 9769.,  643.])]:[array([ 2961., 12228., 12228.,  6271.])]:[array([ 1437., 10715., 10715.,  3378.])]:[array([  317., 24355., 24355.,  2250.])]:[array([17508., 64534., 64534., 39328.])]:
[array([ 0., 34.,  0., 55.])]:[array([590610., 590610.,  59676.,  59676.])]:[array([42465., 42465.,  5854.,  5854.])]:[array([8718., 8718., 5903., 5903.])]:[array([9769., 9769.,  643.,  643.])]:[array([12228., 12228.,  6271.,  6271.])]:[array([10715., 10715.,  3378.,  3378.])]:[array([24355., 24355.,  2250.,  2250.])]:[array([64534., 64534., 39328., 39328.])]:
[array([34.,  0., 55.,  0.])]:[array([590610.,  59676.,  59676.,  87483.])]:[array([42465.,  5854.,  5854.,  5464.])]:[array([8718., 5903., 5903., 1189.])]:[array([9769.,  643.,  643.,  483.])]:[array([12228.,  6271.,  6271.,  4980.])]:[array([10715.,  3378.,  3378.,  2745.])]:[array([24355.,  2250.,  2250.,   879.])]:[array([64534., 39328., 39328., 27185.])]:
[array([ 0., 55.,  0.,  0.])]:[array([59676., 59676., 87483., 99770.])]:[array([5854., 5854., 5464., 2663.])]:[array([5903., 5903., 1189., 4452.])]:[array([643., 643., 483., 630.])]:[array([6271., 6271., 4980., 3298.])]:[array([3378., 3378., 2745., 2854.])]:[array([2250., 2250.,  879.,  871.])]:[array([39328., 39328., 27185., 61077.])]:
[array([55.,  0.,  0., 82.])]:[array([59676., 87483., 99770., 99770.])]:[array([5854., 5464., 2663., 2663.])]:[array([5903., 1189., 4452., 4452.])]:[array([643., 483., 630., 630.])]:[array([6271., 4980., 3298., 3298.])]:[array([3378., 2745., 2854., 2854.])]:[array([2250.,  879.,  871.,  871.])]:[array([39328., 27185., 61077., 61077.])]:
[array([ 0.,  0., 82., 77.])]:[array([87483., 99770., 99770., 99770.])]:[array([5464., 2663., 2663., 2663.])]:[array([1189., 4452., 4452., 4452.])]:[array([483., 630., 630., 630.])]:[array([4980., 3298., 3298., 3298.])]:[array([2745., 2854., 2854., 2854.])]:[array([879., 871., 871., 871.])]:[array([27185., 61077., 61077., 61077.])]:
[array([ 0., 82., 77.,  0.])]:[array([99770., 99770., 99770.,  2997.])]:[array([ 2663.,  2663.,  2663., 11679.])]:[array([ 4452.,  4452.,  4452., 11456.])]:[array([ 630.,  630.,  630., 3012.])]:[array([3298., 3298., 3298., 8101.])]:[array([ 2854.,  2854.,  2854., 17651.])]:[array([ 871.,  871.,  871., 4402.])]:[array([61077., 61077., 61077., 38507.])]:
[array([82., 77.,  0., 46.])]:[array([99770., 99770.,  2997.,  2997.])]:[array([ 2663.,  2663., 11679., 11679.])]:[array([ 4452.,  4452., 11456., 11456.])]:[array([ 630.,  630., 3012., 3012.])]:[array([3298., 3298., 8101., 8101.])]:[array([ 2854.,  2854., 17651., 17651.])]:[array([ 871.,  871., 4402., 4402.])]:[array([61077., 61077., 38507., 38507.])]:
[array([77.,  0., 46.,  0.])]:[array([ 99770.,   2997.,   2997., 442896.])]:[array([ 2663., 11679., 11679., 21546.])]:[array([ 4452., 11456., 11456., 21497.])]:[array([ 630., 3012., 3012., 2146.])]:[array([ 3298.,  8101.,  8101., 60816.])]:[array([ 2854., 17651., 17651.,  7848.])]:[array([ 871., 4402., 4402., 3485.])]:[array([ 61077.,  38507.,  38507., 104508.])]:
[array([ 0., 46.,  0., 79.])]:[array([  2997.,   2997., 442896., 442896.])]:[array([11679., 11679., 21546., 21546.])]:[array([11456., 11456., 21497., 21497.])]:[array([3012., 3012., 2146., 2146.])]:[array([ 8101.,  8101., 60816., 60816.])]:[array([17651., 17651.,  7848.,  7848.])]:[array([4402., 4402., 3485., 3485.])]:[array([ 38507.,  38507., 104508., 104508.])]:
[array([46.,  0., 79., 79.])]:[array([  2997., 442896., 442896., 442896.])]:[array([11679., 21546., 21546., 21546.])]:[array([11456., 21497., 21497., 21497.])]:[array([3012., 2146., 2146., 2146.])]:[array([ 8101., 60816., 60816., 60816.])]:[array([17651.,  7848.,  7848.,  7848.])]:[array([4402., 3485., 3485., 3485.])]:[array([ 38507., 104508., 104508., 104508.])]:
[array([ 0., 79., 79.,  0.])]:[array([442896., 442896., 442896.,  28092.])]:[array([21546., 21546., 21546.,  8481.])]:[array([21497., 21497., 21497., 14405.])]:[array([2146., 2146., 2146., 2372.])]:[array([60816., 60816., 60816., 44418.])]:[array([ 7848.,  7848.,  7848., 17957.])]:[array([3485., 3485., 3485., 5001.])]:[array([104508., 104508., 104508.,  42380.])]:
[array([79., 79.,  0.,  0.])]:[array([442896., 442896.,  28092.,   2786.])]:[array([21546., 21546.,  8481.,  3273.])]:[array([21497., 21497., 14405.,  5531.])]:[array([2146., 2146., 2372., 1371.])]:[array([60816., 60816., 44418., 10044.])]:[array([ 7848.,  7848., 17957.,  5922.])]:[array([3485., 3485., 5001., 4742.])]:[array([104508., 104508.,  42380.,   7912.])]:
[array([79.,  0.,  0., 81.])]:[array([442896.,  28092.,   2786.,   2786.])]:[array([21546.,  8481.,  3273.,  3273.])]:[array([21497., 14405.,  5531.,  5531.])]:[array([2146., 2372., 1371., 1371.])]:[array([60816., 44418., 10044., 10044.])]:[array([ 7848., 17957.,  5922.,  5922.])]:[array([3485., 5001., 4742., 4742.])]:[array([104508.,  42380.,   7912.,   7912.])]:
[array([ 0.,  0., 81., 90.])]:[array([28092.,  2786.,  2786.,  2786.])]:[array([8481., 3273., 3273., 3273.])]:[array([14405.,  5531.,  5531.,  5531.])]:[array([2372., 1371., 1371., 1371.])]:[array([44418., 10044., 10044., 10044.])]:[array([17957.,  5922.,  5922.,  5922.])]:[array([5001., 4742., 4742., 4742.])]:[array([42380.,  7912.,  7912.,  7912.])]:
[array([ 0., 81., 90.,  0.])]:[array([  2786.,   2786.,   2786., 380744.])]:[array([3273., 3273., 3273., 3364.])]:[array([5531., 5531., 5531., 1534.])]:[array([1371., 1371., 1371.,  139.])]:[array([10044., 10044., 10044.,  4338.])]:[array([5922., 5922., 5922., 1762.])]:[array([4742., 4742., 4742.,  234.])]:[array([ 7912.,  7912.,  7912., 11733.])]:
[array([81., 90.,  0.,  0.])]:[array([  2786.,   2786., 380744.,  94771.])]:[array([3273., 3273., 3364., 5929.])]:[array([ 5531.,  5531.,  1534., 15953.])]:[array([1371., 1371.,  139., 2059.])]:[array([10044., 10044.,  4338., 11075.])]:[array([ 5922.,  5922.,  1762., 18242.])]:[array([4742., 4742.,  234., 3782.])]:[array([  7912.,   7912.,  11733., 200877.])]:
[array([90.,  0.,  0., 70.])]:[array([  2786., 380744.,  94771.,  94771.])]:[array([3273., 3364., 5929., 5929.])]:[array([ 5531.,  1534., 15953., 15953.])]:[array([1371.,  139., 2059., 2059.])]:[array([10044.,  4338., 11075., 11075.])]:[array([ 5922.,  1762., 18242., 18242.])]:[array([4742.,  234., 3782., 3782.])]:[array([  7912.,  11733., 200877., 200877.])]:
[array([ 0.,  0., 70., 81.])]:[array([380744.,  94771.,  94771.,  94771.])]:[array([3364., 5929., 5929., 5929.])]:[array([ 1534., 15953., 15953., 15953.])]:[array([ 139., 2059., 2059., 2059.])]:[array([ 4338., 11075., 11075., 11075.])]:[array([ 1762., 18242., 18242., 18242.])]:[array([ 234., 3782., 3782., 3782.])]:[array([ 11733., 200877., 200877., 200877.])]:
[array([ 0., 70., 81.,  0.])]:[array([ 94771.,  94771.,  94771., 248098.])]:[array([ 5929.,  5929.,  5929., 10718.])]:[array([15953., 15953., 15953., 12062.])]:[array([2059., 2059., 2059., 1681.])]:[array([11075., 11075., 11075., 56710.])]:[array([18242., 18242., 18242., 16269.])]:[array([3782., 3782., 3782., 2355.])]:[array([200877., 200877., 200877., 252262.])]:
[array([70., 81.,  0.,  0.])]:[array([ 94771.,  94771., 248098., 529761.])]:[array([ 5929.,  5929., 10718., 15857.])]:[array([15953., 15953., 12062.,  7987.])]:[array([2059., 2059., 1681., 2824.])]:[array([11075., 11075., 56710.,  8963.])]:[array([18242., 18242., 16269., 11995.])]:[array([3782., 3782., 2355., 2027.])]:[array([200877., 200877., 252262.,  17092.])]:
[array([81.,  0.,  0., 81.])]:[array([ 94771., 248098., 529761., 529761.])]:[array([ 5929., 10718., 15857., 15857.])]:[array([15953., 12062.,  7987.,  7987.])]:[array([2059., 1681., 2824., 2824.])]:[array([11075., 56710.,  8963.,  8963.])]:[array([18242., 16269., 11995., 11995.])]:[array([3782., 2355., 2027., 2027.])]:[array([200877., 252262.,  17092.,  17092.])]:
[array([ 0.,  0., 81., 90.])]:[array([248098., 529761., 529761., 529761.])]:[array([10718., 15857., 15857., 15857.])]:[array([12062.,  7987.,  7987.,  7987.])]:[array([1681., 2824., 2824., 2824.])]:[array([56710.,  8963.,  8963.,  8963.])]:[array([16269., 11995., 11995., 11995.])]:[array([2355., 2027., 2027., 2027.])]:[array([252262.,  17092.,  17092.,  17092.])]:
[array([ 0., 81., 90.,  0.])]:[array([529761., 529761., 529761., 187071.])]:[array([15857., 15857., 15857.,  3285.])]:[array([7987., 7987., 7987., 1808.])]:[array([2824., 2824., 2824.,   67.])]:[array([8963., 8963., 8963., 3530.])]:[array([11995., 11995., 11995.,  3279.])]:[array([2027., 2027., 2027.,  466.])]:[array([17092., 17092., 17092., 12947.])]:
[array([81., 90.,  0.,  0.])]:[array([529761., 529761., 187071.,  33308.])]:[array([15857., 15857.,  3285.,  6011.])]:[array([7987., 7987., 1808., 2850.])]:[array([2824., 2824.,   67.,  661.])]:[array([8963., 8963., 3530., 1647.])]:[array([11995., 11995.,  3279.,  3944.])]:[array([2027., 2027.,  466., 1203.])]:[array([17092., 17092., 12947.,  8869.])]:
[array([90.,  0.,  0.,  0.])]:[array([529761., 187071.,  33308.,   3890.])]:[array([15857.,  3285.,  6011., 15405.])]:[array([7987., 1808., 2850., 7021.])]:[array([2824.,   67.,  661., 1470.])]:[array([ 8963.,  3530.,  1647., 10420.])]:[array([11995.,  3279.,  3944.,  7959.])]:[array([2027.,  466., 1203., 2551.])]:[array([17092., 12947.,  8869., 14010.])]:
[array([0., 0., 0., 0.])]:[array([187071.,  33308.,   3890.,  27531.])]:[array([ 3285.,  6011., 15405.,  5939.])]:[array([1808., 2850., 7021., 4869.])]:[array([  67.,  661., 1470.,  275.])]:[array([ 3530.,  1647., 10420., 14766.])]:[array([3279., 3944., 7959., 7208.])]:[array([ 466., 1203., 2551.,  965.])]:[array([12947.,  8869., 14010., 43836.])]:
[array([ 0.,  0.,  0., 58.])]:[array([33308.,  3890., 27531., 27531.])]:[array([ 6011., 15405.,  5939.,  5939.])]:[array([2850., 7021., 4869., 4869.])]:[array([ 661., 1470.,  275.,  275.])]:[array([ 1647., 10420., 14766., 14766.])]:[array([3944., 7959., 7208., 7208.])]:[array([1203., 2551.,  965.,  965.])]:[array([ 8869., 14010., 43836., 43836.])]:
[array([ 0.,  0., 58.,  0.])]:[array([   3890.,   27531.,   27531., 2103686.])]:[array([15405.,  5939.,  5939., 26370.])]:[array([ 7021.,  4869.,  4869., 18280.])]:[array([1470.,  275.,  275., 3428.])]:[array([10420., 14766., 14766., 95124.])]:[array([ 7959.,  7208.,  7208., 44814.])]:[array([2551.,  965.,  965., 3168.])]:[array([ 14010.,  43836.,  43836., 504342.])]:
[array([ 0., 58.,  0., 76.])]:[array([  27531.,   27531., 2103686., 2103686.])]:[array([ 5939.,  5939., 26370., 26370.])]:[array([ 4869.,  4869., 18280., 18280.])]:[array([ 275.,  275., 3428., 3428.])]:[array([14766., 14766., 95124., 95124.])]:[array([ 7208.,  7208., 44814., 44814.])]:[array([ 965.,  965., 3168., 3168.])]:[array([ 43836.,  43836., 504342., 504342.])]:
[array([58.,  0., 76., 78.])]:[array([  27531., 2103686., 2103686., 2103686.])]:[array([ 5939., 26370., 26370., 26370.])]:[array([ 4869., 18280., 18280., 18280.])]:[array([ 275., 3428., 3428., 3428.])]:[array([14766., 95124., 95124., 95124.])]:[array([ 7208., 44814., 44814., 44814.])]:[array([ 965., 3168., 3168., 3168.])]:[array([ 43836., 504342., 504342., 504342.])]:
[array([ 0., 76., 78.,  0.])]:[array([2103686., 2103686., 2103686., 2171909.])]:[array([26370., 26370., 26370., 25227.])]:[array([18280., 18280., 18280., 10422.])]:[array([3428., 3428., 3428., 1142.])]:[array([95124., 95124., 95124., 13285.])]:[array([44814., 44814., 44814., 13517.])]:[array([3168., 3168., 3168., 1228.])]:[array([504342., 504342., 504342., 172052.])]:
[array([76., 78.,  0.,  0.])]:[array([2103686., 2103686., 2171909.,   14625.])]:[array([26370., 26370., 25227.,  8612.])]:[array([18280., 18280., 10422., 23611.])]:[array([3428., 3428., 1142., 1973.])]:[array([95124., 95124., 13285.,  8561.])]:[array([44814., 44814., 13517., 26220.])]:[array([3168., 3168., 1228., 3313.])]:[array([504342., 504342., 172052.,  30667.])]:
[array([78.,  0.,  0.,  0.])]:[array([2103686., 2171909.,   14625.,   48127.])]:[array([26370., 25227.,  8612.,  3074.])]:[array([18280., 10422., 23611.,  5155.])]:[array([3428., 1142., 1973.,  283.])]:[array([95124., 13285.,  8561.,  3355.])]:[array([44814., 13517., 26220.,  2873.])]:[array([3168., 1228., 3313.,  386.])]:[array([504342., 172052.,  30667.,  21133.])]:
[array([ 0.,  0.,  0., 67.])]:[array([2171909.,   14625.,   48127.,   48127.])]:[array([25227.,  8612.,  3074.,  3074.])]:[array([10422., 23611.,  5155.,  5155.])]:[array([1142., 1973.,  283.,  283.])]:[array([13285.,  8561.,  3355.,  3355.])]:[array([13517., 26220.,  2873.,  2873.])]:[array([1228., 3313.,  386.,  386.])]:[array([172052.,  30667.,  21133.,  21133.])]:
[array([ 0.,  0., 67.,  0.])]:[array([ 14625.,  48127.,  48127., 126951.])]:[array([8612., 3074., 3074., 5841.])]:[array([23611.,  5155.,  5155.,  6808.])]:[array([1973.,  283.,  283.,  402.])]:[array([8561., 3355., 3355., 6552.])]:[array([26220.,  2873.,  2873.,  7513.])]:[array([3313.,  386.,  386.,  816.])]:[array([30667., 21133., 21133., 22139.])]:
[array([ 0., 67.,  0., 76.])]:[array([ 48127.,  48127., 126951., 126951.])]:[array([3074., 3074., 5841., 5841.])]:[array([5155., 5155., 6808., 6808.])]:[array([283., 283., 402., 402.])]:[array([3355., 3355., 6552., 6552.])]:[array([2873., 2873., 7513., 7513.])]:[array([386., 386., 816., 816.])]:[array([21133., 21133., 22139., 22139.])]:
[array([67.,  0., 76., 81.])]:[array([ 48127., 126951., 126951., 126951.])]:[array([3074., 5841., 5841., 5841.])]:[array([5155., 6808., 6808., 6808.])]:[array([283., 402., 402., 402.])]:[array([3355., 6552., 6552., 6552.])]:[array([2873., 7513., 7513., 7513.])]:[array([386., 816., 816., 816.])]:[array([21133., 22139., 22139., 22139.])]:
[array([ 0., 76., 81.,  0.])]:[array([126951., 126951., 126951., 532990.])]:[array([ 5841.,  5841.,  5841., 43297.])]:[array([ 6808.,  6808.,  6808., 52614.])]:[array([ 402.,  402.,  402., 3085.])]:[array([ 6552.,  6552.,  6552., 23588.])]:[array([ 7513.,  7513.,  7513., 14951.])]:[array([ 816.,  816.,  816., 4188.])]:[array([ 22139.,  22139.,  22139., 499833.])]:
[array([76., 81.,  0.,  0.])]:[array([126951., 126951., 532990.,   9579.])]:[array([ 5841.,  5841., 43297., 11507.])]:[array([ 6808.,  6808., 52614.,  5512.])]:[array([ 402.,  402., 3085.,  655.])]:[array([ 6552.,  6552., 23588., 10998.])]:[array([ 7513.,  7513., 14951.,  9640.])]:[array([ 816.,  816., 4188., 3976.])]:[array([ 22139.,  22139., 499833.,  10752.])]:
[array([81.,  0.,  0., 65.])]:[array([126951., 532990.,   9579.,   9579.])]:[array([ 5841., 43297., 11507., 11507.])]:[array([ 6808., 52614.,  5512.,  5512.])]:[array([ 402., 3085.,  655.,  655.])]:[array([ 6552., 23588., 10998., 10998.])]:[array([ 7513., 14951.,  9640.,  9640.])]:[array([ 816., 4188., 3976., 3976.])]:[array([ 22139., 499833.,  10752.,  10752.])]:
[array([ 0.,  0., 65.,  0.])]:[array([532990.,   9579.,   9579., 205489.])]:[array([43297., 11507., 11507.,  2263.])]:[array([52614.,  5512.,  5512.,   795.])]:[array([3085.,  655.,  655.,  163.])]:[array([23588., 10998., 10998.,  2433.])]:[array([14951.,  9640.,  9640.,  2194.])]:[array([4188., 3976., 3976.,   63.])]:[array([499833.,  10752.,  10752.,   8847.])]:
[array([ 0., 65.,  0., 80.])]:[array([  9579.,   9579., 205489., 205489.])]:[array([11507., 11507.,  2263.,  2263.])]:[array([5512., 5512.,  795.,  795.])]:[array([655., 655., 163., 163.])]:[array([10998., 10998.,  2433.,  2433.])]:[array([9640., 9640., 2194., 2194.])]:[array([3976., 3976.,   63.,   63.])]:[array([10752., 10752.,  8847.,  8847.])]:
[array([65.,  0., 80., 83.])]:[array([  9579., 205489., 205489., 205489.])]:[array([11507.,  2263.,  2263.,  2263.])]:[array([5512.,  795.,  795.,  795.])]:[array([655., 163., 163., 163.])]:[array([10998.,  2433.,  2433.,  2433.])]:[array([9640., 2194., 2194., 2194.])]:[array([3976.,   63.,   63.,   63.])]:[array([10752.,  8847.,  8847.,  8847.])]:
[array([ 0., 80., 83.,  0.])]:[array([205489., 205489., 205489., 169023.])]:[array([ 2263.,  2263.,  2263., 69546.])]:[array([  795.,   795.,   795., 29715.])]:[array([163., 163., 163., 735.])]:[array([ 2433.,  2433.,  2433., 28096.])]:[array([ 2194.,  2194.,  2194., 22627.])]:[array([  63.,   63.,   63., 4015.])]:[array([  8847.,   8847.,   8847., 264578.])]:
[array([80., 83.,  0.,  0.])]:[array([205489., 205489., 169023.,  67399.])]:[array([ 2263.,  2263., 69546.,  3234.])]:[array([  795.,   795., 29715.,  7594.])]:[array([ 163.,  163.,  735., 1233.])]:[array([ 2433.,  2433., 28096.,  8626.])]:[array([ 2194.,  2194., 22627., 22980.])]:[array([  63.,   63., 4015., 4425.])]:[array([  8847.,   8847., 264578.,  50696.])]:
[array([83.,  0.,  0., 71.])]:[array([205489., 169023.,  67399.,  67399.])]:[array([ 2263., 69546.,  3234.,  3234.])]:[array([  795., 29715.,  7594.,  7594.])]:[array([ 163.,  735., 1233., 1233.])]:[array([ 2433., 28096.,  8626.,  8626.])]:[array([ 2194., 22627., 22980., 22980.])]:[array([  63., 4015., 4425., 4425.])]:[array([  8847., 264578.,  50696.,  50696.])]:
[array([ 0.,  0., 71., 88.])]:[array([169023.,  67399.,  67399.,  67399.])]:[array([69546.,  3234.,  3234.,  3234.])]:[array([29715.,  7594.,  7594.,  7594.])]:[array([ 735., 1233., 1233., 1233.])]:[array([28096.,  8626.,  8626.,  8626.])]:[array([22627., 22980., 22980., 22980.])]:[array([4015., 4425., 4425., 4425.])]:[array([264578.,  50696.,  50696.,  50696.])]:
[array([ 0., 71., 88.,  0.])]:[array([67399., 67399., 67399., 55442.])]:[array([3234., 3234., 3234., 3598.])]:[array([7594., 7594., 7594., 1426.])]:[array([1233., 1233., 1233.,  158.])]:[array([8626., 8626., 8626., 4087.])]:[array([22980., 22980., 22980.,  4367.])]:[array([4425., 4425., 4425.,  329.])]:[array([50696., 50696., 50696., 21805.])]:
[array([71., 88.,  0.,  0.])]:[array([67399., 67399., 55442., 13891.])]:[array([3234., 3234., 3598., 8510.])]:[array([7594., 7594., 1426., 8131.])]:[array([1233., 1233.,  158., 2245.])]:[array([ 8626.,  8626.,  4087., 19270.])]:[array([22980., 22980.,  4367., 10143.])]:[array([4425., 4425.,  329., 3083.])]:[array([50696., 50696., 21805., 17701.])]:
[array([88.,  0.,  0.,  0.])]:[array([67399., 55442., 13891.,  2364.])]:[array([3234., 3598., 8510., 9526.])]:[array([7594., 1426., 8131., 8863.])]:[array([1233.,  158., 2245., 1873.])]:[array([ 8626.,  4087., 19270., 36997.])]:[array([22980.,  4367., 10143., 18638.])]:[array([4425.,  329., 3083., 2857.])]:[array([50696., 21805., 17701., 10280.])]:
[array([0., 0., 0., 0.])]:[array([55442., 13891.,  2364.,  6639.])]:[array([ 3598.,  8510.,  9526., 10571.])]:[array([1426., 8131., 8863., 7984.])]:[array([ 158., 2245., 1873., 1518.])]:[array([ 4087., 19270., 36997.,  3258.])]:[array([ 4367., 10143., 18638.,  7606.])]:[array([ 329., 3083., 2857., 2471.])]:[array([21805., 17701., 10280., 26374.])]:
[array([0., 0., 0., 0.])]:[array([13891.,  2364.,  6639., 13526.])]:[array([ 8510.,  9526., 10571.,  3781.])]:[array([ 8131.,  8863.,  7984., 17653.])]:[array([2245., 1873., 1518.,  883.])]:[array([19270., 36997.,  3258.,  8728.])]:[array([10143., 18638.,  7606.,  6367.])]:[array([3083., 2857., 2471., 1673.])]:[array([17701., 10280., 26374., 14981.])]:
[array([ 0.,  0.,  0., 83.])]:[array([ 2364.,  6639., 13526., 13526.])]:[array([ 9526., 10571.,  3781.,  3781.])]:[array([ 8863.,  7984., 17653., 17653.])]:[array([1873., 1518.,  883.,  883.])]:[array([36997.,  3258.,  8728.,  8728.])]:[array([18638.,  7606.,  6367.,  6367.])]:[array([2857., 2471., 1673., 1673.])]:[array([10280., 26374., 14981., 14981.])]:
[array([ 0.,  0., 83., 84.])]:[array([ 6639., 13526., 13526., 13526.])]:[array([10571.,  3781.,  3781.,  3781.])]:[array([ 7984., 17653., 17653., 17653.])]:[array([1518.,  883.,  883.,  883.])]:[array([3258., 8728., 8728., 8728.])]:[array([7606., 6367., 6367., 6367.])]:[array([2471., 1673., 1673., 1673.])]:[array([26374., 14981., 14981., 14981.])]:
[array([ 0., 83., 84.,  0.])]:[array([ 13526.,  13526.,  13526., 311445.])]:[array([3781., 3781., 3781., 8622.])]:[array([17653., 17653., 17653.,  8865.])]:[array([ 883.,  883.,  883., 1247.])]:[array([ 8728.,  8728.,  8728., 45462.])]:[array([6367., 6367., 6367., 8847.])]:[array([1673., 1673., 1673., 4363.])]:[array([ 14981.,  14981.,  14981., 523118.])]:
[array([83., 84.,  0.,  0.])]:[array([ 13526.,  13526., 311445., 136865.])]:[array([3781., 3781., 8622., 6019.])]:[array([17653., 17653.,  8865.,  3855.])]:[array([ 883.,  883., 1247.,  205.])]:[array([ 8728.,  8728., 45462.,  5807.])]:[array([6367., 6367., 8847., 5485.])]:[array([1673., 1673., 4363., 1190.])]:[array([ 14981.,  14981., 523118.,  13640.])]:
[array([84.,  0.,  0., 46.])]:[array([ 13526., 311445., 136865., 136865.])]:[array([3781., 8622., 6019., 6019.])]:[array([17653.,  8865.,  3855.,  3855.])]:[array([ 883., 1247.,  205.,  205.])]:[array([ 8728., 45462.,  5807.,  5807.])]:[array([6367., 8847., 5485., 5485.])]:[array([1673., 4363., 1190., 1190.])]:[array([ 14981., 523118.,  13640.,  13640.])]:
[array([ 0.,  0., 46.,  0.])]:[array([311445., 136865., 136865., 613765.])]:[array([ 8622.,  6019.,  6019., 16586.])]:[array([ 8865.,  3855.,  3855., 16681.])]:[array([1247.,  205.,  205., 2546.])]:[array([45462.,  5807.,  5807., 16581.])]:[array([ 8847.,  5485.,  5485., 11664.])]:[array([4363., 1190., 1190., 2880.])]:[array([523118.,  13640.,  13640., 363032.])]:
[array([ 0., 46.,  0.,  0.])]:[array([136865., 136865., 613765.,  37437.])]:[array([ 6019.,  6019., 16586.,  6202.])]:[array([ 3855.,  3855., 16681.,  2316.])]:[array([ 205.,  205., 2546.,  474.])]:[array([ 5807.,  5807., 16581.,  7780.])]:[array([ 5485.,  5485., 11664.,  2560.])]:[array([1190., 1190., 2880.,  974.])]:[array([ 13640.,  13640., 363032.,  39736.])]:
[array([46.,  0.,  0., 78.])]:[array([136865., 613765.,  37437.,  37437.])]:[array([ 6019., 16586.,  6202.,  6202.])]:[array([ 3855., 16681.,  2316.,  2316.])]:[array([ 205., 2546.,  474.,  474.])]:[array([ 5807., 16581.,  7780.,  7780.])]:[array([ 5485., 11664.,  2560.,  2560.])]:[array([1190., 2880.,  974.,  974.])]:[array([ 13640., 363032.,  39736.,  39736.])]:
[array([ 0.,  0., 78., 97.])]:[array([613765.,  37437.,  37437.,  37437.])]:[array([16586.,  6202.,  6202.,  6202.])]:[array([16681.,  2316.,  2316.,  2316.])]:[array([2546.,  474.,  474.,  474.])]:[array([16581.,  7780.,  7780.,  7780.])]:[array([11664.,  2560.,  2560.,  2560.])]:[array([2880.,  974.,  974.,  974.])]:[array([363032.,  39736.,  39736.,  39736.])]:
[array([ 0., 78., 97.,  0.])]:[array([  37437.,   37437.,   37437., 2573021.])]:[array([ 6202.,  6202.,  6202., 23051.])]:[array([ 2316.,  2316.,  2316., 13808.])]:[array([ 474.,  474.,  474., 1582.])]:[array([ 7780.,  7780.,  7780., 11136.])]:[array([ 2560.,  2560.,  2560., 20302.])]:[array([ 974.,  974.,  974., 5340.])]:[array([ 39736.,  39736.,  39736., 127865.])]:
[array([78., 97.,  0.,  0.])]:[array([  37437.,   37437., 2573021.,    9931.])]:[array([ 6202.,  6202., 23051.,  7210.])]:[array([ 2316.,  2316., 13808.,  3930.])]:[array([ 474.,  474., 1582., 3239.])]:[array([ 7780.,  7780., 11136.,  1963.])]:[array([ 2560.,  2560., 20302.,  5105.])]:[array([ 974.,  974., 5340., 2434.])]:[array([ 39736.,  39736., 127865.,  21060.])]:
[array([97.,  0.,  0., 66.])]:[array([  37437., 2573021.,    9931.,    9931.])]:[array([ 6202., 23051.,  7210.,  7210.])]:[array([ 2316., 13808.,  3930.,  3930.])]:[array([ 474., 1582., 3239., 3239.])]:[array([ 7780., 11136.,  1963.,  1963.])]:[array([ 2560., 20302.,  5105.,  5105.])]:[array([ 974., 5340., 2434., 2434.])]:[array([ 39736., 127865.,  21060.,  21060.])]:
[array([ 0.,  0., 66., 72.])]:[array([2573021.,    9931.,    9931.,    9931.])]:[array([23051.,  7210.,  7210.,  7210.])]:[array([13808.,  3930.,  3930.,  3930.])]:[array([1582., 3239., 3239., 3239.])]:[array([11136.,  1963.,  1963.,  1963.])]:[array([20302.,  5105.,  5105.,  5105.])]:[array([5340., 2434., 2434., 2434.])]:[array([127865.,  21060.,  21060.,  21060.])]:
[array([ 0., 66., 72.,  0.])]:[array([ 9931.,  9931.,  9931., 17026.])]:[array([7210., 7210., 7210., 6176.])]:[array([3930., 3930., 3930., 3526.])]:[array([3239., 3239., 3239., 1170.])]:[array([1963., 1963., 1963., 1698.])]:[array([5105., 5105., 5105., 5092.])]:[array([2434., 2434., 2434., 3183.])]:[array([21060., 21060., 21060., 24413.])]:
[array([66., 72.,  0.,  0.])]:[array([ 9931.,  9931., 17026.,  7523.])]:[array([7210., 7210., 6176., 6938.])]:[array([ 3930.,  3930.,  3526., 10960.])]:[array([3239., 3239., 1170., 2988.])]:[array([1963., 1963., 1698., 6668.])]:[array([5105., 5105., 5092., 5672.])]:[array([2434., 2434., 3183., 1220.])]:[array([21060., 21060., 24413., 10200.])]:
[array([72.,  0.,  0., 86.])]:[array([ 9931., 17026.,  7523.,  7523.])]:[array([7210., 6176., 6938., 6938.])]:[array([ 3930.,  3526., 10960., 10960.])]:[array([3239., 1170., 2988., 2988.])]:[array([1963., 1698., 6668., 6668.])]:[array([5105., 5092., 5672., 5672.])]:[array([2434., 3183., 1220., 1220.])]:[array([21060., 24413., 10200., 10200.])]:
[array([ 0.,  0., 86., 74.])]:[array([17026.,  7523.,  7523.,  7523.])]:[array([6176., 6938., 6938., 6938.])]:[array([ 3526., 10960., 10960., 10960.])]:[array([1170., 2988., 2988., 2988.])]:[array([1698., 6668., 6668., 6668.])]:[array([5092., 5672., 5672., 5672.])]:[array([3183., 1220., 1220., 1220.])]:[array([24413., 10200., 10200., 10200.])]:
[array([ 0., 86., 74.,  0.])]:[array([ 7523.,  7523.,  7523., 40146.])]:[array([6938., 6938., 6938., 3627.])]:[array([10960., 10960., 10960.,  6308.])]:[array([2988., 2988., 2988., 1272.])]:[array([6668., 6668., 6668., 4247.])]:[array([5672., 5672., 5672., 6721.])]:[array([1220., 1220., 1220., 2762.])]:[array([10200., 10200., 10200., 77752.])]:
[array([86., 74.,  0.,  0.])]:[array([ 7523.,  7523., 40146., 13382.])]:[array([ 6938.,  6938.,  3627., 16146.])]:[array([10960., 10960.,  6308.,  7119.])]:[array([2988., 2988., 1272., 1241.])]:[array([6668., 6668., 4247., 6673.])]:[array([ 5672.,  5672.,  6721., 12585.])]:[array([1220., 1220., 2762., 2958.])]:[array([10200., 10200., 77752., 34661.])]:
[array([74.,  0.,  0.,  0.])]:[array([ 7523., 40146., 13382.,  6919.])]:[array([ 6938.,  3627., 16146.,  8512.])]:[array([10960.,  6308.,  7119.,  3103.])]:[array([2988., 1272., 1241.,  956.])]:[array([ 6668.,  4247.,  6673., 12180.])]:[array([ 5672.,  6721., 12585., 10246.])]:[array([1220., 2762., 2958., 1532.])]:[array([10200., 77752., 34661., 14010.])]:
[array([0., 0., 0., 0.])]:[array([40146., 13382.,  6919., 41299.])]:[array([ 3627., 16146.,  8512., 19204.])]:[array([6308., 7119., 3103., 4250.])]:[array([1272., 1241.,  956., 2295.])]:[array([ 4247.,  6673., 12180., 16890.])]:[array([ 6721., 12585., 10246., 14801.])]:[array([2762., 2958., 1532., 3083.])]:[array([77752., 34661., 14010., 46306.])]:
[array([ 0.,  0.,  0., 78.])]:[array([13382.,  6919., 41299., 41299.])]:[array([16146.,  8512., 19204., 19204.])]:[array([7119., 3103., 4250., 4250.])]:[array([1241.,  956., 2295., 2295.])]:[array([ 6673., 12180., 16890., 16890.])]:[array([12585., 10246., 14801., 14801.])]:[array([2958., 1532., 3083., 3083.])]:[array([34661., 14010., 46306., 46306.])]:
[array([ 0.,  0., 78., 72.])]:[array([ 6919., 41299., 41299., 41299.])]:[array([ 8512., 19204., 19204., 19204.])]:[array([3103., 4250., 4250., 4250.])]:[array([ 956., 2295., 2295., 2295.])]:[array([12180., 16890., 16890., 16890.])]:[array([10246., 14801., 14801., 14801.])]:[array([1532., 3083., 3083., 3083.])]:[array([14010., 46306., 46306., 46306.])]:
[array([ 0., 78., 72.,  0.])]:[array([41299., 41299., 41299., 36025.])]:[array([19204., 19204., 19204.,  1317.])]:[array([4250., 4250., 4250., 2218.])]:[array([2295., 2295., 2295.,  565.])]:[array([16890., 16890., 16890., 12658.])]:[array([14801., 14801., 14801.,  4160.])]:[array([3083., 3083., 3083.,  526.])]:[array([46306., 46306., 46306., 14546.])]:
[array([78., 72.,  0.,  0.])]:[array([41299., 41299., 36025., 25775.])]:[array([19204., 19204.,  1317.,  5352.])]:[array([4250., 4250., 2218., 6605.])]:[array([2295., 2295.,  565., 2106.])]:[array([16890., 16890., 12658.,  4499.])]:[array([14801., 14801.,  4160.,  6025.])]:[array([3083., 3083.,  526., 3161.])]:[array([46306., 46306., 14546., 24193.])]:
[array([72.,  0.,  0.,  0.])]:[array([41299., 36025., 25775.,  3568.])]:[array([19204.,  1317.,  5352., 10693.])]:[array([ 4250.,  2218.,  6605., 17226.])]:[array([2295.,  565., 2106., 1545.])]:[array([16890., 12658.,  4499., 15505.])]:[array([14801.,  4160.,  6025., 28041.])]:[array([3083.,  526., 3161., 5089.])]:[array([46306., 14546., 24193., 20587.])]:
[array([0., 0., 0., 0.])]:[array([36025., 25775.,  3568.,  3992.])]:[array([ 1317.,  5352., 10693., 10412.])]:[array([ 2218.,  6605., 17226.,  3783.])]:[array([ 565., 2106., 1545., 1087.])]:[array([12658.,  4499., 15505.,  2335.])]:[array([ 4160.,  6025., 28041.,  4606.])]:[array([ 526., 3161., 5089., 2444.])]:[array([14546., 24193., 20587., 11164.])]:
[array([0., 0., 0., 0.])]:[array([25775.,  3568.,  3992., 67850.])]:[array([ 5352., 10693., 10412.,  3755.])]:[array([ 6605., 17226.,  3783.,  5234.])]:[array([2106., 1545., 1087.,  338.])]:[array([ 4499., 15505.,  2335.,  4998.])]:[array([ 6025., 28041.,  4606.,  2875.])]:[array([3161., 5089., 2444.,  810.])]:[array([24193., 20587., 11164., 81139.])]:
[array([ 0.,  0.,  0., 66.])]:[array([ 3568.,  3992., 67850., 67850.])]:[array([10693., 10412.,  3755.,  3755.])]:[array([17226.,  3783.,  5234.,  5234.])]:[array([1545., 1087.,  338.,  338.])]:[array([15505.,  2335.,  4998.,  4998.])]:[array([28041.,  4606.,  2875.,  2875.])]:[array([5089., 2444.,  810.,  810.])]:[array([20587., 11164., 81139., 81139.])]:
[array([ 0.,  0., 66., 61.])]:[array([ 3992., 67850., 67850., 67850.])]:[array([10412.,  3755.,  3755.,  3755.])]:[array([3783., 5234., 5234., 5234.])]:[array([1087.,  338.,  338.,  338.])]:[array([2335., 4998., 4998., 4998.])]:[array([4606., 2875., 2875., 2875.])]:[array([2444.,  810.,  810.,  810.])]:[array([11164., 81139., 81139., 81139.])]:
[array([ 0., 66., 61.,  0.])]:[array([67850., 67850., 67850., 88587.])]:[array([ 3755.,  3755.,  3755., 13523.])]:[array([5234., 5234., 5234., 7754.])]:[array([ 338.,  338.,  338., 3009.])]:[array([4998., 4998., 4998., 5274.])]:[array([ 2875.,  2875.,  2875., 13951.])]:[array([ 810.,  810.,  810., 3036.])]:[array([81139., 81139., 81139., 21053.])]:
[array([66., 61.,  0., 53.])]:[array([67850., 67850., 88587., 88587.])]:[array([ 3755.,  3755., 13523., 13523.])]:[array([5234., 5234., 7754., 7754.])]:[array([ 338.,  338., 3009., 3009.])]:[array([4998., 4998., 5274., 5274.])]:[array([ 2875.,  2875., 13951., 13951.])]:[array([ 810.,  810., 3036., 3036.])]:[array([81139., 81139., 21053., 21053.])]:
[array([61.,  0., 53.,  0.])]:[array([67850., 88587., 88587., 75230.])]:[array([ 3755., 13523., 13523.,  5060.])]:[array([5234., 7754., 7754., 2547.])]:[array([ 338., 3009., 3009.,  670.])]:[array([4998., 5274., 5274., 3733.])]:[array([ 2875., 13951., 13951.,  4577.])]:[array([ 810., 3036., 3036., 1194.])]:[array([81139., 21053., 21053., 43345.])]:
[array([ 0., 53.,  0.,  0.])]:[array([ 88587.,  88587.,  75230., 339871.])]:[array([13523., 13523.,  5060., 21567.])]:[array([7754., 7754., 2547., 7023.])]:[array([3009., 3009.,  670., 2318.])]:[array([ 5274.,  5274.,  3733., 35102.])]:[array([13951., 13951.,  4577., 32950.])]:[array([3036., 3036., 1194., 6436.])]:[array([21053., 21053., 43345., 60031.])]:
[array([53.,  0.,  0., 80.])]:[array([ 88587.,  75230., 339871., 339871.])]:[array([13523.,  5060., 21567., 21567.])]:[array([7754., 2547., 7023., 7023.])]:[array([3009.,  670., 2318., 2318.])]:[array([ 5274.,  3733., 35102., 35102.])]:[array([13951.,  4577., 32950., 32950.])]:[array([3036., 1194., 6436., 6436.])]:[array([21053., 43345., 60031., 60031.])]:
[array([ 0.,  0., 80., 60.])]:[array([ 75230., 339871., 339871., 339871.])]:[array([ 5060., 21567., 21567., 21567.])]:[array([2547., 7023., 7023., 7023.])]:[array([ 670., 2318., 2318., 2318.])]:[array([ 3733., 35102., 35102., 35102.])]:[array([ 4577., 32950., 32950., 32950.])]:[array([1194., 6436., 6436., 6436.])]:[array([43345., 60031., 60031., 60031.])]:
[array([ 0., 80., 60.,  0.])]:[array([339871., 339871., 339871., 330050.])]:[array([21567., 21567., 21567., 73404.])]:[array([ 7023.,  7023.,  7023., 26862.])]:[array([2318., 2318., 2318., 1881.])]:[array([35102., 35102., 35102., 11144.])]:[array([32950., 32950., 32950., 23814.])]:[array([6436., 6436., 6436., 7101.])]:[array([ 60031.,  60031.,  60031., 357156.])]:
[array([80., 60.,  0.,  0.])]:[array([339871., 339871., 330050.,  41504.])]:[array([21567., 21567., 73404.,  2226.])]:[array([ 7023.,  7023., 26862.,  2563.])]:[array([2318., 2318., 1881.,  595.])]:[array([35102., 35102., 11144.,  2546.])]:[array([32950., 32950., 23814.,  1177.])]:[array([6436., 6436., 7101.,  835.])]:[array([ 60031.,  60031., 357156.,   9853.])]:
[array([60.,  0.,  0., 79.])]:[array([339871., 330050.,  41504.,  41504.])]:[array([21567., 73404.,  2226.,  2226.])]:[array([ 7023., 26862.,  2563.,  2563.])]:[array([2318., 1881.,  595.,  595.])]:[array([35102., 11144.,  2546.,  2546.])]:[array([32950., 23814.,  1177.,  1177.])]:[array([6436., 7101.,  835.,  835.])]:[array([ 60031., 357156.,   9853.,   9853.])]:
[array([ 0.,  0., 79.,  0.])]:[array([330050.,  41504.,  41504., 387226.])]:[array([73404.,  2226.,  2226., 60173.])]:[array([26862.,  2563.,  2563., 16999.])]:[array([1881.,  595.,  595., 2332.])]:[array([11144.,  2546.,  2546., 45765.])]:[array([23814.,  1177.,  1177., 33809.])]:[array([ 7101.,   835.,   835., 11806.])]:[array([357156.,   9853.,   9853., 307274.])]:
[array([ 0., 79.,  0., 69.])]:[array([ 41504.,  41504., 387226., 387226.])]:[array([ 2226.,  2226., 60173., 60173.])]:[array([ 2563.,  2563., 16999., 16999.])]:[array([ 595.,  595., 2332., 2332.])]:[array([ 2546.,  2546., 45765., 45765.])]:[array([ 1177.,  1177., 33809., 33809.])]:[array([  835.,   835., 11806., 11806.])]:[array([  9853.,   9853., 307274., 307274.])]:
[array([79.,  0., 69.,  0.])]:[array([  41504.,  387226.,  387226., 2582600.])]:[array([ 2226., 60173., 60173., 49200.])]:[array([ 2563., 16999., 16999., 13992.])]:[array([ 595., 2332., 2332., 2881.])]:[array([ 2546., 45765., 45765., 79702.])]:[array([ 1177., 33809., 33809.,  9589.])]:[array([  835., 11806., 11806.,  3044.])]:[array([  9853., 307274., 307274., 118846.])]:
[array([ 0., 69.,  0., 71.])]:[array([ 387226.,  387226., 2582600., 2582600.])]:[array([60173., 60173., 49200., 49200.])]:[array([16999., 16999., 13992., 13992.])]:[array([2332., 2332., 2881., 2881.])]:[array([45765., 45765., 79702., 79702.])]:[array([33809., 33809.,  9589.,  9589.])]:[array([11806., 11806.,  3044.,  3044.])]:[array([307274., 307274., 118846., 118846.])]:
[array([69.,  0., 71., 84.])]:[array([ 387226., 2582600., 2582600., 2582600.])]:[array([60173., 49200., 49200., 49200.])]:[array([16999., 13992., 13992., 13992.])]:[array([2332., 2881., 2881., 2881.])]:[array([45765., 79702., 79702., 79702.])]:[array([33809.,  9589.,  9589.,  9589.])]:[array([11806.,  3044.,  3044.,  3044.])]:[array([307274., 118846., 118846., 118846.])]:
[array([ 0., 71., 84.,  0.])]:[array([2582600., 2582600., 2582600.,  388184.])]:[array([49200., 49200., 49200., 22054.])]:[array([13992., 13992., 13992.,  2997.])]:[array([2881., 2881., 2881.,  314.])]:[array([79702., 79702., 79702., 17259.])]:[array([ 9589.,  9589.,  9589., 10475.])]:[array([3044., 3044., 3044.,  911.])]:[array([118846., 118846., 118846.,  97804.])]:
[array([71., 84.,  0.,  0.])]:[array([2582600., 2582600.,  388184.,    3529.])]:[array([49200., 49200., 22054., 11207.])]:[array([13992., 13992.,  2997.,  6637.])]:[array([2881., 2881.,  314., 1519.])]:[array([79702., 79702., 17259.,  4934.])]:[array([ 9589.,  9589., 10475.,  3499.])]:[array([3044., 3044.,  911., 1543.])]:[array([118846., 118846.,  97804.,  28777.])]:
[array([84.,  0.,  0., 58.])]:[array([2582600.,  388184.,    3529.,    3529.])]:[array([49200., 22054., 11207., 11207.])]:[array([13992.,  2997.,  6637.,  6637.])]:[array([2881.,  314., 1519., 1519.])]:[array([79702., 17259.,  4934.,  4934.])]:[array([ 9589., 10475.,  3499.,  3499.])]:[array([3044.,  911., 1543., 1543.])]:[array([118846.,  97804.,  28777.,  28777.])]:
[array([ 0.,  0., 58., 78.])]:[array([388184.,   3529.,   3529.,   3529.])]:[array([22054., 11207., 11207., 11207.])]:[array([2997., 6637., 6637., 6637.])]:[array([ 314., 1519., 1519., 1519.])]:[array([17259.,  4934.,  4934.,  4934.])]:[array([10475.,  3499.,  3499.,  3499.])]:[array([ 911., 1543., 1543., 1543.])]:[array([97804., 28777., 28777., 28777.])]:
[array([ 0., 58., 78.,  0.])]:[array([  3529.,   3529.,   3529., 663599.])]:[array([11207., 11207., 11207., 19295.])]:[array([6637., 6637., 6637., 4453.])]:[array([1519., 1519., 1519., 1046.])]:[array([ 4934.,  4934.,  4934., 12551.])]:[array([ 3499.,  3499.,  3499., 19635.])]:[array([1543., 1543., 1543., 2718.])]:[array([ 28777.,  28777.,  28777., 272473.])]:
[array([58., 78.,  0., 78.])]:[array([  3529.,   3529., 663599., 663599.])]:[array([11207., 11207., 19295., 19295.])]:[array([6637., 6637., 4453., 4453.])]:[array([1519., 1519., 1046., 1046.])]:[array([ 4934.,  4934., 12551., 12551.])]:[array([ 3499.,  3499., 19635., 19635.])]:[array([1543., 1543., 2718., 2718.])]:[array([ 28777.,  28777., 272473., 272473.])]:
[array([78.,  0., 78.,  0.])]:[array([  3529., 663599., 663599., 932587.])]:[array([11207., 19295., 19295., 15243.])]:[array([ 6637.,  4453.,  4453., 17840.])]:[array([1519., 1046., 1046., 1339.])]:[array([ 4934., 12551., 12551., 14222.])]:[array([ 3499., 19635., 19635., 11453.])]:[array([1543., 2718., 2718., 7753.])]:[array([ 28777., 272473., 272473., 116484.])]:
